<?xml version="1.0" encoding="UTF-8" ?>
<!DOCTYPE struts PUBLIC
        "-//Apache Software Foundation//DTD Struts Configuration 2.0//EN"
        "http://struts.apache.org/dtds/struts-2.0.dtd">
<struts>

    <package name="user" namespace="/uesr" extends="default">

        <!-- <action name="HelloWorld" class="example.HelloWorld">
            <result>/WEB-INF/jsp/example/HelloWorld.jsp</result>
        </action>

        <action name="Login_*" method="{1}" class="example.Login">
            <result name="input">/WEB-INF/jsp/example/Login.jsp</result>
            <result type="redirectAction">Menu</result>
        </action>

        <action name="*" class="example.ExampleSupport">
            <result>/WEB-INF/jsp/example/{1}.jsp</result>
        </action> -->

        <!-- Add actions here -->
        <action name="user_*" class="com.qhit.lh.gr3.jay.exam.common.action.UserAction" method="{1}">
        	<result name="loginSuccess">/jsp/home.jsp</result>
        	<result name="loginFail">/index.jsp</result>
        </action>
    </package>
</struts>
